-- Add car data
INSERT INTO cars (car_id, make, model, year, mileage, is_electric, is_hybrid, is_available, amount, amount_loan, color, branch_id) VALUES
(1, 'Toyota', 'Camry', 2020, 15000, FALSE, FALSE, TRUE, 20000, 250, 'White', 1),
(2, 'Honda', 'Civic', 2019, 20000, FALSE, FALSE, TRUE, 18000, 230, 'Black', 1),
(3, 'Tesla', 'Model S', 2021, 10000, TRUE, FALSE, TRUE, 70000, 900, 'Red', 2),
(4, 'Ford', 'F-150', 2018, 30000, FALSE, FALSE, TRUE, 25000, 350, 'Blue', 2),
(5, 'Chevrolet', 'Bolt', 2021, 5000, TRUE, FALSE, TRUE, 35000, 450, 'Silver', 3),
(6, 'Nissan', 'Leaf', 2020, 12000, TRUE, FALSE, TRUE, 28000, 360, 'Green', 3),
(7, 'BMW', 'i3', 2019, 18000, TRUE, TRUE, TRUE, 40000, 550, 'Orange', 4),
(8, 'Audi', 'Q5', 2018, 25000, FALSE, TRUE, TRUE, 32000, 450, 'Gray', 4),
(9, 'Hyundai', 'Ioniq', 2021, 8000, TRUE, TRUE, TRUE, 27000, 320, 'Blue', 5),
(10, 'Kia', 'Niro', 2019, 22000, FALSE, TRUE, TRUE, 22000, 280, 'White', 5);


-- Add Branch Data
INSERT INTO branch (branch_id, branch_phonenumber, branch_name) VALUES
(1, '123-456-7890', 'Urban Customs - Downtown'),
(2, '234-567-8901', 'Urban Customs - Uptown'),
(3, '345-678-9012', 'Urban Customs - Suburban'),
(4, '456-789-0123', 'Urban Customs - Eastside'),
(5, '567-890-1234', 'Urban Customs - Westside');


-- Insert data into users table
INSERT INTO users (username, password) VALUES
('ABC', 'ABC'),
('RiazC', 'RiazC'),
('ArnobC', 'ArnobC'),
('JohnC', 'JohnC'),
('JaneC', 'JaneC');

-- Insert data into empUsers table
INSERT INTO empUsers (username, password) VALUES
('Riaz', 'Riaz'),
('AB', 'AB'),
('Arnob', 'Arnob'),
('JohnDoe', 'JohnDoe'),
('JaneSmith', 'JaneSmith');

-- Insert data into Employees table using data from empUsers table
INSERT INTO Employees (employeeID, F_Name, L_Name, email, phoneNumber, branchID)
VALUES
(1, 'Riaz', 'Employee', 'riaz@example.com', '123-456-7890', 1),
(2, 'AB', 'Employee', 'ab@example.com', '234-567-8901', 2),
(3, 'Arnob', 'Employee', 'arnob@example.com', '345-678-9012', 3),
(4, 'John', 'Doe', 'johndoe@example.com', '456-789-0123', 4),
(5, 'Jane', 'Smith', 'janesmith@example.com', '567-890-1234', 5);

-- Insert data into Customers table using data from users table
INSERT INTO Customers (CustomerID, PhoneNumber, Email, F_Name, L_Name, DOB)
VALUES
(1, '123-456-7890', 'abc@example.com', 'ABC', 'Customer', '1990-01-01'),
(2, '234-567-8901', 'riazc@example.com', 'Riaz', 'Customer', '1985-02-14'),
(3, '345-678-9012', 'arnobc@example.com', 'Arnob', 'Customer', '1992-03-15'),
(4, '456-789-0123', 'johnc@example.com', 'John', 'Customer', '1988-04-20'),
(5, '567-890-1234', 'janec@example.com', 'Jane', 'Customer', '1995-05-25');

-- Insert data into Address table
INSERT INTO Address (street, city, state, zip) VALUES
('123 Main St', 'Springfield', 'IL', '62701'),
('456 Oak St', 'Lincoln', 'NE', '68508'),
('789 Pine St', 'Madison', 'WI', '53703'),
('101 Maple St', 'Salem', 'OR', '97301'),
('202 Birch St', 'Austin', 'TX', '73301'),
('303 Cedar St', 'Denver', 'CO', '80203'),
('404 Elm St', 'Raleigh', 'NC', '27601'),
('505 Ash St', 'Albany', 'NY', '12201'),
('606 Willow St', 'Tallahassee', 'FL', '32301'),
('707 Cherry St', 'Sacramento', 'CA', '95814');

-- Insert data into BranchAddress table
INSERT INTO BranchAddress (branch_id, addr_id) VALUES
(1, 1),  -- Urban Customs - Downtown
(2, 2),  -- Urban Customs - Uptown
(3, 3),  -- Urban Customs - Suburban
(4, 4),  -- Urban Customs - Eastside
(5, 5);  -- Urban Customs - Westside

-- Insert data into CustomerAddress table
INSERT INTO CustomerAddress (addr_id, customer_id) VALUES
(6, 1),  -- Customer 1
(7, 2),  -- Customer 2
(8, 3),  -- Customer 3
(9, 4),  -- Customer 4
(10, 5);  -- Customer 5

-- Adding customer id automatically
ALTER TABLE Customers ALTER COLUMN CustomerID ADD GENERATED BY DEFAULT AS IDENTITY;
